id,name,email,registration_date,country
1,Jonathan Cox,nicholas38@example.net,2022-12-04,Equatorial Guinea
2,Theresa Calderon,schneiderbrian@example.net,2024-03-26,Cameroon
3,Brittany Riley,fhunt@example.org,2023-06-11,Tonga
4,Robin Rodriguez,jesse19@example.org,2025-05-31,Lebanon
5,Jennifer Baird,josecastillo@example.com,2024-01-10,Ukraine
6,Patricia Brooks,joanngreen@example.com,2022-11-05,Guyana
7,Rose Gould,wchambers@example.org,2025-01-16,Swaziland
8,Hannah Odonnell,timothyparks@example.net,2024-01-18,Tonga
9,Andrew Shelton,stefanie44@example.org,2025-09-21,Chad
10,Joe Williams,qwhite@example.org,2025-08-12,Palau
11,Sarah Martin,jasonbryant@example.net,2025-08-15,Slovakia (Slovak Republic)
12,Kimberly Berry,sarah63@example.org,2023-05-13,Japan
13,Andrew Cain,brownjames@example.org,2024-05-12,Jordan
14,April Gonzalez,roblesbenjamin@example.net,2024-12-29,Iraq
15,Vincent Potter,teresa82@example.com,2024-07-18,Andorra
16,Nancy Williamson,johnsonrobert@example.org,2023-03-15,Chile
17,Amy Martin,courtney52@example.net,2025-07-12,Ukraine
18,Tyler Hines,michaelcody@example.org,2024-11-20,Senegal
19,Joseph Booth,nicholas50@example.org,2025-02-10,Mauritius
20,Christopher Bradley,davisallen@example.com,2023-04-30,Equatorial Guinea
21,Jesse Lopez,ymiller@example.net,2025-02-17,France
22,David Jenkins,deborahmiller@example.org,2022-11-09,Korea
23,John Patel,ryandesiree@example.net,2023-01-11,Sierra Leone
24,Donald Conley,wdavis@example.net,2023-04-19,Cape Verde
25,Brittany Ali,briangray@example.org,2023-03-04,Mexico
26,Gregory Gutierrez,morganbrenda@example.com,2024-07-30,Timor-Leste
27,Olivia Smith,aboyd@example.net,2023-06-09,Montenegro
28,Elizabeth Brown,olsentom@example.net,2024-10-30,Mauritania
29,Tammy Lopez,colemankurt@example.com,2024-12-20,Micronesia
30,Gwendolyn Fitzpatrick,courtneycameron@example.com,2023-01-03,Marshall Islands
31,Matthew Cervantes,cisnerosdavid@example.net,2023-07-01,Syrian Arab Republic
32,Samuel Smith,hayszachary@example.com,2024-07-25,Djibouti
33,Michael Flores,devans@example.net,2024-11-20,Serbia
34,Andrew Dunn,youngjacob@example.net,2024-10-16,Algeria
35,Jessica Scott,jordantrevor@example.net,2022-11-29,Australia
36,Christine Lopez,keithdavis@example.com,2023-02-10,Jersey
37,Sabrina Villanueva,karenduran@example.net,2025-01-24,Cocos (Keeling) Islands
38,Jennifer Parsons,richard05@example.net,2023-11-18,Bulgaria
39,Kristin Nguyen,michaelwilson@example.com,2023-05-02,Mayotte
40,Kelly Hill,imiller@example.org,2023-02-18,French Guiana
41,Karen Adkins,jennifer95@example.com,2024-11-23,Montserrat
42,Brenda Adams,ochoarenee@example.org,2025-03-28,Barbados
43,Rebecca Smith,linda78@example.org,2023-10-18,Madagascar
44,Mrs. Whitney Mckee DDS,zblake@example.com,2024-11-04,Bermuda
45,Brian Gutierrez,davidsmith@example.net,2024-11-29,Saint Helena
46,Kara Alexander,patriciajones@example.net,2024-08-06,Swaziland
47,Ricardo Silva,luis63@example.net,2023-07-19,Western Sahara
48,Rachel Stephens,christian08@example.com,2024-04-29,American Samoa
49,Kenneth Hall,ablanchard@example.com,2023-01-09,Kyrgyz Republic
50,Melissa Thomas,ewheeler@example.com,2022-11-14,New Zealand
51,Alexis Mcguire,davidbrennan@example.com,2025-04-22,Burundi
52,Caitlin Shepherd,prattkerry@example.org,2022-10-30,Taiwan
53,Justin Maldonado,alison46@example.net,2023-08-26,Tokelau
54,Patricia Ramos,alee@example.org,2023-07-11,French Polynesia
55,Russell Hernandez,lisayoung@example.org,2025-07-10,Australia
56,Anthony Hamilton,wmcdonald@example.com,2022-11-22,Morocco
57,Dennis Wilson,stevenalvarez@example.org,2023-01-07,Kazakhstan
58,John Tanner,hartcarol@example.net,2024-02-01,Somalia
59,Jordan Vasquez,dkhan@example.com,2022-11-24,Togo
60,Christopher Cannon,gfox@example.org,2024-03-03,Hong Kong
61,Joseph Hansen,longtimothy@example.com,2023-07-23,Syrian Arab Republic
62,Robin Rose,wgonzales@example.com,2025-02-01,Svalbard & Jan Mayen Islands
63,David Booth,adrianlewis@example.net,2023-08-28,Costa Rica
64,Rachel Benitez,michael35@example.net,2023-05-05,Costa Rica
65,John Norman,nicoleramirez@example.com,2024-02-07,Bahrain
66,Christopher Brown,christopher81@example.com,2024-01-22,Latvia
67,Brian Lee,jillbradley@example.org,2024-07-26,Saint Helena
68,Deanna Smith,timothy28@example.org,2023-03-09,Lebanon
69,Tyler Nunez,rita02@example.net,2025-10-13,Estonia
70,Deborah Griffin,brownmelissa@example.net,2024-03-18,Cyprus
71,Edward Medina,xsavage@example.com,2023-11-25,Bahamas
72,Todd Ruiz,tabithavaldez@example.com,2023-02-21,Sao Tome and Principe
73,William Wade,williamsjohn@example.com,2025-02-21,Cameroon
74,Frederick Brown,skerr@example.net,2025-02-13,Seychelles
75,Thomas Hernandez,christopherwaters@example.org,2023-08-29,Samoa
76,Michael Williams,jacquelineclark@example.com,2024-04-07,Cayman Islands
77,Kristin Cunningham,vdrake@example.com,2024-06-12,Armenia
78,Michael Pacheco,leebrett@example.net,2024-11-07,Egypt
79,Alexis Washington,ugray@example.net,2025-06-07,Tonga
80,Alyssa Cummings,rgarza@example.net,2023-03-04,Libyan Arab Jamahiriya
81,Marc Wilson,kdiaz@example.com,2025-07-26,Argentina
82,Nicholas Owen,wallacevincent@example.org,2025-02-25,Kazakhstan
83,Madison Thornton,blackpatrick@example.org,2023-03-05,Argentina
84,Nicole Davis MD,sandra99@example.net,2024-09-09,Mali
85,April Bailey,thomasmatthew@example.com,2024-06-15,Isle of Man
86,Stephanie Barry,robinvargas@example.com,2024-05-16,Cyprus
87,Benjamin Lee,gallen@example.com,2025-07-16,Wallis and Futuna
88,Hannah Lyons,abryan@example.com,2025-02-13,Sweden
89,Trevor Moyer,wrobinson@example.org,2024-03-24,Kenya
90,Kimberly Martin,lisacortez@example.net,2025-01-07,Burkina Faso
91,Logan Harris,larry81@example.net,2023-03-15,Maldives
92,Daniel Perry,williamsshannon@example.net,2023-04-23,Tuvalu
93,William Watkins,fsmith@example.com,2023-11-15,New Zealand
94,Dr. Lynn Mccormick MD,spencecharlotte@example.com,2025-07-11,Mongolia
95,Jessica Nixon,donaldmiller@example.com,2024-04-29,Pakistan
96,Joanne Pratt,chadhenson@example.net,2025-01-08,Faroe Islands
97,Alyssa Smith,rosswilliam@example.com,2023-12-03,Gibraltar
98,Andrea Jones,wchen@example.net,2025-02-14,Burkina Faso
99,Jasmine Erickson,zbrown@example.net,2025-07-01,Gabon
100,Jodi Murillo,kevinhernandez@example.com,2023-09-23,Paraguay
101,Luis Martinez,sabrina10@example.net,2025-06-24,Hungary
102,Carla Reese,kjones@example.com,2024-10-17,Niue
103,Leslie Miller,dannysullivan@example.net,2025-03-26,Swaziland
104,James Moore,brooke60@example.org,2023-12-28,Mongolia
105,Stephanie Wright,tleon@example.net,2025-06-25,Afghanistan
106,Christopher Jones,glenda84@example.net,2025-06-12,Congo
107,Robert Ortiz,omyers@example.net,2022-12-11,Angola
108,Miguel Henry,bhenry@example.net,2024-08-08,Congo
109,Travis Ramirez,burchcurtis@example.net,2025-01-14,Saint Vincent and the Grenadines
110,Austin Fox,deborahjohnson@example.com,2025-04-17,Cyprus
111,Christopher Campbell,jjones@example.com,2024-01-25,Anguilla
112,Morgan Lewis,jessicalawson@example.org,2022-11-25,Mayotte
113,Gregory Richards,evanmurphy@example.org,2025-04-17,Taiwan
114,Justin Velez,carl21@example.com,2023-12-01,French Polynesia
115,Raven Fuller,sharon08@example.com,2025-10-03,Mayotte
116,Christopher Kennedy,walkerlindsay@example.net,2024-07-19,Swaziland
117,William Barrera,hernandezjoseph@example.org,2023-07-16,Denmark
118,William Garcia,xrodriguez@example.com,2025-02-07,Guernsey
119,Marcus Crosby,sandrarhodes@example.org,2025-01-14,Kuwait
120,Kristen Stephenson,vcoleman@example.com,2024-12-03,Fiji
121,Jeffrey White,richard29@example.com,2025-03-25,Bulgaria
122,John Wood,whitemartin@example.com,2024-07-25,Paraguay
123,Michelle Brown,nancynelson@example.net,2025-02-09,Bulgaria
124,Austin Chase,rmoore@example.org,2023-06-10,Antigua and Barbuda
125,Danielle Cortez,davisalexandra@example.com,2023-11-18,Iceland
126,Howard Williams,walkerbrenda@example.com,2023-05-06,Vietnam
127,Robert Brady,wilsonemily@example.com,2024-05-07,Nigeria
128,Sean Mullins,michael40@example.net,2025-03-11,San Marino
129,Sarah Gutierrez,allisonlester@example.net,2023-08-07,Antigua and Barbuda
130,Devon Ford,vcarter@example.org,2024-01-07,Equatorial Guinea
131,Melissa Mitchell,james01@example.org,2024-03-06,Egypt
132,Mary Park,pevans@example.com,2025-01-13,Iceland
133,Patricia Davis,carlaperry@example.com,2024-12-12,Togo
134,Dawn Gray,uporter@example.com,2024-04-22,Cape Verde
135,Brandon Wilkins,clarklaura@example.org,2023-03-28,Bolivia
136,Leslie Pope,smithjoel@example.org,2024-09-27,Qatar
137,Ellen Foster,david11@example.com,2022-12-22,Mexico
138,Annette Roberts,welchdeborah@example.com,2025-04-08,Romania
139,Wanda Bryant,aprilstewart@example.com,2022-12-03,Estonia
140,Jose White,shawn37@example.com,2023-11-26,Canada
141,Alexandra Wong,lbaker@example.org,2024-06-20,Yemen
142,Nicole Martin,zhodges@example.com,2025-09-22,Belarus
143,William Sanders,brandy99@example.net,2022-11-06,Mauritius
144,Eric Ramirez,mhernandez@example.net,2023-10-12,Solomon Islands
145,Steven Figueroa,jared71@example.org,2023-09-26,Pitcairn Islands
146,Christopher Le,egutierrez@example.com,2023-10-14,Liechtenstein
147,Sabrina Jones,paul05@example.com,2023-08-26,Turks and Caicos Islands
148,Elaine Fitzpatrick,juan01@example.com,2023-07-18,Burundi
149,Shawn Jackson,eford@example.org,2025-02-14,Canada
150,Sherri Russell,timothysanders@example.com,2023-11-21,Grenada
151,Jessica Webb,wyatt31@example.net,2024-12-16,Norfolk Island
152,Jasmine Gray,vasquezpatrick@example.org,2025-04-18,Anguilla
153,Jonathan Miranda,patriciastone@example.net,2025-09-02,Jordan
154,Pamela Hicks,ricardobenjamin@example.net,2023-05-08,Burkina Faso
155,Karla Adams,jessicacarrillo@example.org,2023-05-06,Saint Martin
156,Austin Waters,jacob01@example.com,2023-07-05,Netherlands Antilles
157,Austin Strickland,sonyasmith@example.com,2025-06-06,Jersey
158,Richard Cordova,adamconner@example.net,2025-07-11,Australia
159,Travis Yates,bmueller@example.org,2024-04-18,Cameroon
160,Eric Hansen,elizabeth28@example.com,2025-05-11,Turks and Caicos Islands
161,Sean Jenkins,pthompson@example.com,2024-12-23,Northern Mariana Islands
162,Jason Cobb,tmcdonald@example.net,2023-05-15,France
163,Mr. Anthony English,travis05@example.com,2023-09-17,Liberia
164,Rebecca Shepherd,charlessimmons@example.net,2024-01-14,Netherlands Antilles
165,Megan Morgan,lopezmarie@example.org,2024-12-20,American Samoa
166,Ann King,ashleesummers@example.net,2023-06-24,Svalbard & Jan Mayen Islands
167,David Thompson,eringreene@example.net,2024-10-30,Dominica
168,Michael Watson,timothy62@example.org,2024-09-20,Netherlands Antilles
169,Matthew Estrada,jonhernandez@example.org,2025-05-28,Botswana
170,Tyler Stevens,don28@example.com,2023-04-15,Greece
171,Sarah Daniels,karensalas@example.com,2023-01-14,Brunei Darussalam
172,Charles Jones,davisjack@example.com,2025-08-30,Ghana
173,Janet Green,dsanchez@example.org,2023-06-13,United Arab Emirates
174,Joshua Hunt,smithrobert@example.net,2024-12-04,Austria
175,Lindsey Summers,christianchase@example.org,2023-01-15,Japan
176,Christopher Thomas,lisa05@example.net,2023-02-27,Korea
177,Richard Sanchez,ksantos@example.com,2025-10-16,Saint Lucia
178,Tammy Mccann,gallaghermark@example.com,2022-12-12,Pakistan
179,Kenneth Jenkins,wjackson@example.net,2023-11-18,Marshall Islands
180,Laurie Wood,gnelson@example.net,2023-09-22,Montenegro
181,Andrea Lane,phillip15@example.com,2024-03-27,Slovenia
182,Frank Gutierrez,james85@example.net,2023-01-25,Guinea
183,Carolyn Ortega,xboyd@example.net,2024-12-17,Bangladesh
184,Brittany White,marythomas@example.org,2025-10-17,Senegal
185,Fred Castro,rebeccarichardson@example.org,2024-04-18,Mozambique
186,Mr. David Yu,kimberlymorgan@example.com,2025-06-04,Suriname
187,Timothy Ayers,bdonaldson@example.com,2023-12-26,Burkina Faso
188,Mallory Cowan,duncanzachary@example.net,2025-07-16,Greece
189,Linda Smith,awarren@example.org,2023-10-03,French Guiana
190,Paul Ramos,ngray@example.net,2023-01-17,North Macedonia
191,Kimberly Johnson,joanna12@example.net,2025-03-05,Reunion
192,Willie Rodriguez,joseph28@example.org,2022-11-25,Marshall Islands
193,Ana Norman,ifranklin@example.org,2023-10-05,San Marino
194,Angel Rodriguez,holtangela@example.net,2022-12-22,Czech Republic
195,Xavier Walker,jon01@example.net,2024-07-22,Mongolia
196,Shannon Crawford,billy48@example.net,2023-04-28,Christmas Island
197,Sydney Bryant,bennettbrenda@example.com,2023-02-12,Uzbekistan
198,Darryl Roberts,richardtaylor@example.org,2023-04-09,Kazakhstan
199,Veronica Ryan,anthony49@example.org,2025-08-02,Central African Republic
200,Caitlin Vasquez,bartonrobert@example.net,2023-01-13,Samoa
201,Ryan Ward,carly23@example.org,2025-08-12,Reunion
202,Joseph Lopez,afarmer@example.net,2025-08-02,Djibouti
203,Jason Gilbert,nicholas15@example.org,2024-06-08,Guinea
204,Dr. Ashley Jenkins,juliesimmons@example.org,2023-07-22,Isle of Man
205,Tammy Giles,bradleysteven@example.net,2023-09-01,Armenia
206,Mitchell Singleton,sandraking@example.net,2025-01-15,Niger
207,Pamela Fuentes,kochderrick@example.org,2023-04-19,Egypt
208,Amy Collins,ugomez@example.com,2023-04-20,Spain
209,Charles Mendez,wmcdonald@example.org,2024-11-26,Slovakia (Slovak Republic)
210,Tracy Stafford,timothyscott@example.com,2024-04-16,Mali
211,Lisa Bryant,perezjessica@example.org,2024-03-12,Uruguay
212,Kenneth Roberson,ramirezomar@example.org,2023-04-29,Pitcairn Islands
213,Mr. Kenneth Humphrey,smithjustin@example.org,2024-08-21,Tokelau
214,Peggy Hodge,bryan96@example.com,2024-12-12,Bolivia
215,Robin Phillips,james44@example.org,2025-05-18,Bermuda
216,Frank Gay,sandrashepherd@example.org,2023-03-03,Aruba
217,Kathy Ward,taylorsean@example.org,2025-06-13,Korea
218,Casey Chandler,stokesamy@example.com,2024-12-26,Ecuador
219,Katie Daniels,lsims@example.net,2024-10-19,Iceland
220,Eileen Allen,brianforbes@example.com,2025-03-01,Liberia
221,Rebecca Johnson,amandawilliams@example.org,2023-03-31,Swaziland
222,Evan Roberson Jr.,kelly98@example.org,2023-04-25,Guinea
223,Bobby Roberts,courtney00@example.com,2022-11-14,Burundi
224,Bobby Harrell,vlarsen@example.org,2024-11-03,Cook Islands
225,Dana Daniels MD,ljacobs@example.org,2023-05-06,Belgium
226,Jacob Austin,jeffrey39@example.net,2023-02-19,Ethiopia
227,Charles Davila,whitneymatthew@example.net,2023-05-29,Christmas Island
228,Anthony Riggs,shepherdcrystal@example.org,2025-07-06,Zimbabwe
229,Vanessa West,cheryl41@example.com,2025-05-15,Azerbaijan
230,Ashley Hayden,douglaskim@example.net,2023-06-13,Vanuatu
231,Carlos Morales,sthornton@example.org,2024-01-22,Japan
232,Joseph Allen,erikagutierrez@example.com,2023-11-30,Honduras
233,Jonathan Holder,ayalabrandon@example.com,2023-09-12,Ethiopia
234,Erin Rowe,franklinfuentes@example.org,2024-01-19,Spain
235,Crystal Anderson,christina53@example.com,2025-05-22,Russian Federation
236,Sandra Brown,andersonbeth@example.com,2023-05-17,Dominica
237,Brian Mullen,douglas09@example.com,2024-10-01,Chile
238,Meagan Curry,dalton75@example.net,2025-04-19,Paraguay
239,Lawrence Johnson,alyssa88@example.org,2023-05-20,Pitcairn Islands
240,Austin Collins,barbara44@example.com,2023-07-01,Iceland
241,Sylvia Compton,xmiller@example.net,2025-04-19,Cambodia
242,Jamie Smith,dsnyder@example.org,2023-12-17,Greece
243,Mary Benson,amanda81@example.org,2023-09-03,Montserrat
244,Joe Chang,lawrencetamara@example.com,2024-10-25,Mozambique
245,Sharon Stewart,rvasquez@example.com,2024-11-08,Isle of Man
246,Patrick Hensley,elizabeth88@example.org,2023-12-14,Saint Barthelemy
247,Krystal Atkins,wilsonethan@example.org,2023-06-27,Singapore
248,Stephanie Morris,sarah23@example.net,2025-08-29,Iran
249,Anthony Lawson,marielowe@example.org,2025-02-17,Grenada
250,Brenda Davis,kristopherpage@example.org,2023-08-19,Isle of Man
251,Amanda Perez,christophergarza@example.net,2023-06-27,Zambia
252,Michael Jones,woodjennifer@example.org,2024-03-29,Kiribati
253,Zachary Valencia,amber60@example.org,2023-02-21,Jordan
254,Daniel Hall,romandaniel@example.net,2023-02-11,North Macedonia
255,Denise Murray,jane92@example.org,2025-04-04,Martinique
256,Terrence Sanchez,ivan68@example.com,2025-10-08,Moldova
257,Joanna Griffith,kathleensmith@example.com,2023-11-09,Rwanda
258,Matthew Juarez,jjames@example.com,2024-04-16,Libyan Arab Jamahiriya
259,Michael Valdez DDS,kaylanelson@example.net,2023-11-20,Chad
260,Amber Wallace,armstrongkimberly@example.com,2025-03-05,Tokelau
261,Eric Dodson,kendra75@example.org,2024-11-06,Sri Lanka
262,Cameron Smith,becklisa@example.net,2023-04-02,Albania
263,Michael Richardson,gabrielareynolds@example.com,2023-07-08,Antigua and Barbuda
264,Margaret Evans,petersonjames@example.net,2023-03-19,Singapore
265,Lisa Jordan MD,amy82@example.net,2024-07-06,Mayotte
266,Tiffany Williams,brian14@example.net,2024-12-30,Falkland Islands (Malvinas)
267,Peter Carter,cameron36@example.org,2023-03-31,British Indian Ocean Territory (Chagos Archipelago)
268,Jennifer Jenkins,jessicapetty@example.com,2024-02-10,Nepal
269,Rhonda Norton PhD,abrown@example.org,2023-04-28,Oman
270,Christopher Walls,katherine76@example.net,2024-08-06,Austria
271,Jennifer Lewis,christopher84@example.net,2025-07-17,Romania
272,Victor Terry,huntheather@example.net,2025-03-15,Austria
273,Katie Jones,renee40@example.com,2024-09-18,Moldova
274,Heather Williams,sarah03@example.com,2024-07-20,Romania
275,Daniel Stewart,gregory14@example.com,2024-12-13,Christmas Island
276,Mark Hall,aprilchambers@example.net,2024-01-09,Tonga
277,Rachel Sanchez,jack88@example.net,2024-04-08,Pakistan
278,William Miller,powellsarah@example.com,2023-02-21,Denmark
279,Mr. Christopher Barnett,suzanneaguirre@example.com,2024-01-04,Sudan
280,Kelly Gordon,josegraham@example.com,2023-04-06,Iraq
281,Renee Griffith,robert16@example.net,2024-08-26,Moldova
282,Charles Hendricks,lrich@example.net,2023-11-30,Guam
283,James Turner,alexproctor@example.com,2022-10-27,Lithuania
284,Lori Conway,velazquezashley@example.org,2024-09-14,Belize
285,Kent Whitaker,ddyer@example.net,2023-10-07,Kenya
286,Katherine Stuart,edward21@example.net,2025-04-03,United States Minor Outlying Islands
287,Jordan Fernandez,jefferysnyder@example.net,2023-02-28,United Arab Emirates
288,Trevor Russell,kimberlyfigueroa@example.com,2023-04-18,Greece
289,Jeffrey Hughes,scottsmith@example.org,2025-07-04,India
290,Olivia Wolfe,michaelwebster@example.org,2025-02-15,Eritrea
291,Steve Walters,trujillodavid@example.com,2023-03-11,Georgia
292,Lauren Munoz,jason57@example.org,2024-02-20,Northern Mariana Islands
293,Jasmine Wyatt,adavis@example.org,2023-12-18,Germany
294,Alan Garcia,pmurray@example.org,2023-04-30,Tonga
295,Kathryn Campbell,wrightrachel@example.net,2024-09-21,Gabon
296,Rachel Johnson,jillianwatkins@example.net,2024-04-12,Belize
297,Teresa Sutton,harrisbrian@example.com,2025-04-03,Slovakia (Slovak Republic)
298,Marissa Moses,howard25@example.net,2023-07-26,Zambia
299,Brent Daniel,sextonnicole@example.org,2025-04-25,Cote d'Ivoire
300,Charlotte Flores,aroberts@example.com,2023-09-24,Jamaica
301,Maria Ryan,kwagner@example.org,2025-02-11,Taiwan
302,Christopher Wright,cwilliams@example.net,2023-12-14,Western Sahara
303,Kenneth Haley,alicia67@example.com,2023-11-04,Montenegro
304,Lisa Blair,marybartlett@example.com,2023-11-28,Falkland Islands (Malvinas)
305,Aaron Russell,mark64@example.org,2023-07-11,Macao
306,Melissa Hill,garrettdavid@example.org,2025-02-16,Jordan
307,Russell White,shelby02@example.com,2024-02-11,Lesotho
308,Alexander Gardner,glewis@example.org,2025-02-05,Ireland
309,Joseph Vazquez,john96@example.org,2024-12-29,Sierra Leone
310,Johnny Brown,jason53@example.org,2024-04-04,Macao
311,Lee Orozco,garrettjennifer@example.net,2025-05-22,Lao People's Democratic Republic
312,Elizabeth Thompson,marcussmith@example.org,2023-05-23,French Polynesia
313,Jennifer Villanueva,obaxter@example.org,2023-12-22,Bhutan
314,Jesse Ball,perryaguilar@example.com,2023-01-13,American Samoa
315,Taylor Clayton,fdominguez@example.com,2025-01-11,Mongolia
316,James Terrell,joshua08@example.com,2023-04-21,Vietnam
317,James Hall,nancybarron@example.com,2024-11-12,Luxembourg
318,Eric Morris,wcherry@example.com,2024-02-02,Jersey
319,Shaun James,williammontes@example.com,2025-04-10,Austria
320,Rachel Stout MD,reynoldsmackenzie@example.org,2025-10-15,Vanuatu
321,John Cross,kiara68@example.net,2023-03-21,Korea
322,Heather Barnes,elizabeth66@example.org,2022-11-09,Rwanda
323,Julie Hunt,bfisher@example.net,2025-06-25,Saint Martin
324,Maria Miller,amyroberts@example.net,2023-03-06,Guam
325,Gina Hanson,tfisher@example.org,2025-05-11,Philippines
326,Desiree Henry,denise51@example.com,2022-10-27,Dominica
327,Patricia Booth,ecortez@example.org,2023-03-05,Haiti
328,Joshua Buckley,torresdonald@example.net,2024-06-16,Congo
329,Elizabeth Wilson,alyssacarson@example.com,2025-04-18,Palau
330,Alicia Aguilar,lijanet@example.net,2024-10-23,Finland
331,Leslie Foley,timothywilliams@example.org,2023-10-26,Austria
332,Lindsay Werner,roymark@example.net,2024-08-13,Chad
333,Timothy Woods,skline@example.com,2025-06-24,French Guiana
334,Heather Robinson,cgonzales@example.com,2022-12-22,Hungary
335,Tara Barnes,bryangarcia@example.org,2024-09-04,Nigeria
336,Dana Reeves,jerrygomez@example.com,2024-04-15,Guinea-Bissau
337,Kelsey Thomas,kelleralexander@example.net,2024-10-31,Belgium
338,John Johnson,samanthaandrews@example.org,2022-11-18,Armenia
339,Robert Pearson MD,francismiranda@example.org,2025-01-26,Sierra Leone
340,Heather Booth,mary20@example.org,2023-03-07,Congo
341,David Green,egonzalez@example.com,2022-12-17,Mali
342,Jimmy Krueger,hshields@example.com,2025-06-21,Angola
343,Haley Marshall,edwardseric@example.com,2023-07-21,Hong Kong
344,Cynthia Larson,hernandezsamantha@example.net,2023-09-17,Palestinian Territory
345,Emily Hall,martin44@example.org,2023-08-15,Jersey
346,Catherine Gonzalez,ojohnson@example.com,2023-05-11,Mauritania
347,Charles Rice,smithmark@example.org,2023-10-05,Spain
348,Riley Owens,teresasavage@example.org,2024-03-28,Tonga
349,Gail Roberson,davidbradley@example.org,2023-06-19,Norfolk Island
350,Oscar Gonzalez,kendralee@example.com,2025-03-08,Nauru
351,Mary Lopez,wallacebrenda@example.net,2023-08-31,Pitcairn Islands
352,Tammy Tran,heidi34@example.org,2023-08-13,Slovenia
353,Stephen Ali,riverapaula@example.net,2024-12-25,Sao Tome and Principe
354,Jodi Ayala,cynthia33@example.com,2023-11-20,Malawi
355,Alison Daniel,qsimpson@example.net,2024-07-16,Colombia
356,Monica Lane,tfleming@example.net,2025-03-02,Svalbard & Jan Mayen Islands
357,Erin Melton,jimwhite@example.net,2025-03-17,Cocos (Keeling) Islands
358,Penny Davis,ramoskimberly@example.org,2024-07-10,British Virgin Islands
359,Brad Morris,krystalthomas@example.net,2023-04-26,Romania
360,Jacqueline Stevens,terriromero@example.net,2025-06-14,Bahamas
361,Erika Terrell DDS,emilyanderson@example.net,2024-03-08,Togo
362,Angela Taylor,brightelizabeth@example.org,2024-04-09,United States Virgin Islands
363,Brianna Clark,lmckinney@example.org,2023-10-25,Turks and Caicos Islands
364,Kaylee Barnes,taylorjessica@example.net,2023-02-24,Vietnam
365,Adrian Jackson,josephwhitney@example.com,2023-10-10,Swaziland
366,Brooke Williams,perrychristopher@example.org,2023-08-18,British Virgin Islands
367,Eric Graham,llong@example.com,2025-01-18,Moldova
368,Jessica Oconnor,jsmith@example.com,2025-07-11,Niue
369,Jacqueline Hubbard,wellsnancy@example.org,2024-11-26,Nauru
370,Dr. Mary Long MD,jbaker@example.org,2023-08-18,Western Sahara
371,Andrea Carlson,corey29@example.net,2023-04-08,Jordan
372,Linda Cobb,andreaalexander@example.org,2024-08-06,Germany
373,Bryan Cherry,trevinosarah@example.com,2024-08-11,Bulgaria
374,Anthony Ortiz,anthony84@example.org,2024-07-08,Central African Republic
375,Lauren Sanchez,nicholasmoore@example.org,2022-11-29,Mozambique
376,Holly Chandler,thomas56@example.com,2023-11-22,Azerbaijan
377,Alexander Frederick,sarah87@example.org,2025-04-14,Switzerland
378,Brian Lucero,johnrios@example.net,2025-05-07,Senegal
379,Kenneth Duffy,brooksdonald@example.org,2023-05-03,Libyan Arab Jamahiriya
380,Christian Mcguire,patrick28@example.org,2022-12-08,New Zealand
381,Kim Wright,erin84@example.org,2025-03-12,Dominican Republic
382,Melanie Perry,kylestewart@example.net,2023-10-08,Taiwan
383,Gloria Smith,dwagner@example.org,2023-05-05,Argentina
384,Lee Richardson,heatherdunlap@example.net,2025-01-08,Botswana
385,Rebecca Jackson,williamscaleb@example.net,2025-03-04,Namibia
386,Jonathan Waller,ramospaul@example.org,2025-09-27,United Kingdom
387,Amy Martin,andersonandrew@example.net,2025-08-01,Nauru
388,Joseph Johnson,emily43@example.net,2023-01-23,Antigua and Barbuda
389,Timothy Henry,mirandakayla@example.com,2023-11-02,Cocos (Keeling) Islands
390,Christina Drake,lopezmatthew@example.com,2025-03-18,Madagascar
391,Miguel Goodwin,deandiaz@example.org,2024-05-14,Niger
392,Lisa Walton,gabrielgonzales@example.com,2024-03-09,Japan
393,David Haynes,athomas@example.net,2024-02-04,Lesotho
394,Michele Baxter,howarddaniel@example.net,2023-12-18,Somalia
395,Glenda Meadows,jessicasingleton@example.com,2023-06-11,Svalbard & Jan Mayen Islands
396,Richard Randolph,ojordan@example.org,2022-11-07,Rwanda
397,Michele Padilla,christylee@example.com,2023-01-15,San Marino
398,Cassidy Rose DDS,jaclyn25@example.net,2023-01-06,Reunion
399,Melissa Velez,srivera@example.org,2025-06-03,Somalia
400,Joseph Murray,fjensen@example.com,2022-11-09,Mauritania
401,Emily King,kbarker@example.com,2023-10-31,Libyan Arab Jamahiriya
402,Pamela Valdez,qjackson@example.net,2023-03-07,Haiti
403,Michael Mack,deanbradley@example.net,2025-08-29,Bouvet Island (Bouvetoya)
404,Courtney Horton,john11@example.net,2024-08-25,Qatar
405,Christopher Berry,hannahlee@example.org,2023-03-14,Palau
406,Beth Henderson,christianrice@example.org,2023-11-13,India
407,Kimberly Foley,campbellpatrick@example.net,2025-05-15,Djibouti
408,David Williams,rachelperez@example.net,2025-02-06,Maldives
409,Christopher Delacruz,sbarnes@example.com,2023-03-28,South Georgia and the South Sandwich Islands
410,Taylor Griffin,lisajefferson@example.net,2024-01-05,San Marino
411,Kenneth Andrade,llopez@example.com,2025-02-01,Pitcairn Islands
412,Angel Turner,vincent39@example.com,2023-12-28,Lebanon
413,James Anderson,hawkinskristina@example.net,2024-01-22,Belize
414,Amy Evans,michael98@example.org,2024-05-22,Tanzania
415,Kevin Robertson,james71@example.com,2024-03-04,Spain
416,Anita Tucker,scontreras@example.org,2023-12-11,Belize
417,Robyn Norris,lindajackson@example.org,2024-02-26,Oman
418,Anthony Nolan,stevensnancy@example.com,2024-04-19,Timor-Leste
419,Susan Davis,carrillojessica@example.net,2024-06-11,Iraq
420,Shane Baker,walkerkatie@example.com,2024-09-13,Croatia
421,Tyler Mendoza,laurieescobar@example.com,2024-07-03,Norway
422,Michael Montes,wallsdeborah@example.com,2024-06-28,Barbados
423,Timothy Hogan,nathanhodge@example.net,2023-04-17,Nicaragua
424,Regina Walters,pchapman@example.net,2025-06-27,Guatemala
425,Elizabeth Medina,jamesgardner@example.org,2023-05-29,Saudi Arabia
426,Amanda Myers,dannymcintosh@example.net,2025-04-28,Poland
427,Cindy Griffin,morgan50@example.com,2023-08-22,Swaziland
428,Joy Rodgers,jenniferjohnson@example.org,2025-09-17,Cocos (Keeling) Islands
429,Patrick Nguyen,sheila43@example.com,2023-01-15,Antarctica (the territory South of 60 deg S)
430,Hannah Simmons,greenerhonda@example.org,2025-04-10,Eritrea
431,Frank Blanchard,russelldustin@example.org,2025-09-16,Mali
432,Willie Campbell,pdavenport@example.net,2025-03-01,Grenada
433,Daniel Bennett,woodskatherine@example.org,2024-12-18,Serbia
434,Laura Hendricks,adrienneramirez@example.org,2024-09-03,Luxembourg
435,Cory Nelson,justinwhite@example.org,2025-08-22,Bermuda
436,Debra Smith,brennanrandy@example.org,2025-05-18,Singapore
437,Lee Perez III,betty45@example.net,2024-06-18,Uganda
438,Megan Carter,fordjennifer@example.com,2023-05-21,Algeria
439,Michael Williams,englishbrandy@example.com,2024-09-03,New Caledonia
440,Patrick Sanders,qmiller@example.com,2024-07-28,Norfolk Island
441,Jason Jackson,lauren22@example.org,2024-12-21,Turkmenistan
442,Elizabeth Peters,azimmerman@example.com,2025-08-20,Jamaica
443,Heather Gutierrez,moralescorey@example.org,2023-03-04,Kiribati
444,Charles Miller,josetaylor@example.net,2023-03-13,New Zealand
445,Ryan Morris,marylopez@example.com,2023-01-20,Ireland
446,Eric Perry,sjohnson@example.com,2025-08-11,Sierra Leone
447,Jennifer Owen,lknight@example.com,2025-06-02,Somalia
448,Ryan Hunt,urichardson@example.net,2024-03-01,United Kingdom
449,Carol Delgado,williamsrenee@example.com,2023-05-11,Romania
450,Theresa Burgess,jgutierrez@example.org,2025-07-21,Guinea
451,David Lewis,nelsonjoan@example.org,2025-07-17,New Caledonia
452,Jeffrey Davenport,lwilliams@example.net,2024-03-03,Singapore
453,Jose Gonzales,wilsonkristen@example.org,2024-01-05,Azerbaijan
454,Julie Lane DVM,alishamarshall@example.org,2023-07-24,Cote d'Ivoire
455,Jason Gonzalez,philipmendez@example.net,2024-04-25,Morocco
456,William Williams,collinssara@example.org,2024-04-09,Colombia
457,Andrew Ellis,sbenson@example.com,2024-08-03,Samoa
458,John Black,bennettsamantha@example.com,2023-05-24,Norway
459,Michael Rodgers,tammy24@example.net,2024-01-16,Saint Pierre and Miquelon
460,Anthony Martin,porterkyle@example.org,2025-05-15,San Marino
461,Frederick Adams,myoung@example.org,2024-08-26,Cambodia
462,John Hart,kirkperez@example.org,2023-01-02,Denmark
463,Jeremy Walsh,raymondsilva@example.org,2025-10-06,Ecuador
464,Chad Hanson,michael07@example.org,2023-12-02,Belize
465,Michelle Kennedy,butleramanda@example.net,2022-10-26,Saint Martin
466,Cathy Johnson,matthew50@example.org,2023-06-05,Guernsey
467,Rebecca Mendoza,kennethbarton@example.org,2024-11-23,Tunisia
468,Jack Hill,dclark@example.org,2024-11-25,Paraguay
469,Robert Campos,garciajacob@example.org,2023-07-09,Panama
470,Linda Elliott,medinaallison@example.net,2025-05-31,Anguilla
471,Courtney Scott,jacobwiley@example.org,2025-10-01,United Arab Emirates
472,Brian Jackson,victoria51@example.org,2023-11-09,Greenland
473,George Mullins,mroberts@example.com,2025-05-29,Algeria
474,Cynthia Bowen,davidjones@example.net,2022-12-02,Saint Pierre and Miquelon
475,Shawn Richard,vincent86@example.org,2025-02-09,Denmark
476,Kimberly Davenport,robertlee@example.net,2022-12-01,Ecuador
477,Kelly Bryant,armstrongangela@example.org,2024-11-08,Gambia
478,Lisa Anderson,mcgrathsean@example.org,2022-11-02,Mayotte
479,Rebecca Jackson,eric37@example.net,2022-10-30,Libyan Arab Jamahiriya
480,Justin Santiago,hayesjessica@example.org,2023-08-30,Equatorial Guinea
481,Daniel Ibarra,breannanguyen@example.net,2025-07-26,Bosnia and Herzegovina
482,James Lambert,gonzalezalison@example.org,2023-01-08,New Zealand
483,Lisa Rowe,donnafields@example.net,2023-01-14,Gibraltar
484,Curtis Lopez,frank23@example.net,2023-05-10,Sierra Leone
485,Jose Mcdonald,ericwright@example.net,2024-03-10,Heard Island and McDonald Islands
486,Christine Young,jasonmitchell@example.org,2022-11-24,Kuwait
487,Terry Hicks,amy43@example.org,2023-11-09,Austria
488,Lynn Nicholson,ivelez@example.net,2024-04-13,Macao
489,Justin Jimenez,blackwellcarlos@example.net,2023-04-14,Norfolk Island
490,Scott Cochran,tlandry@example.org,2025-08-09,Chile
491,Patrick Young,glenn07@example.com,2025-07-27,Egypt
492,Shannon Schultz,ruizsara@example.com,2024-01-26,Saint Pierre and Miquelon
493,David Jackson,wilsondaniel@example.net,2023-05-18,Kuwait
494,Danny Davis,dianaherman@example.com,2025-06-12,Solomon Islands
495,Mrs. Jessica Simmons DVM,darrell34@example.org,2023-02-09,Belgium
496,Philip Jennings,shawn28@example.net,2023-06-10,Guinea-Bissau
497,Steven Maddox,greg57@example.com,2023-04-12,Mongolia
498,Michael Padilla,wilkinskatherine@example.com,2023-11-09,Canada
499,Joshua Watson,iwallace@example.net,2022-10-29,Liechtenstein
500,Devin Whitehead,tpaul@example.net,2024-08-03,French Guiana
501,Christopher Roth,osmall@example.net,2024-07-13,Mozambique
502,Christopher Austin,edwardbruce@example.net,2025-10-05,Georgia
503,Charles Cabrera,david18@example.net,2023-08-20,Puerto Rico
504,Maria Brown,ovelez@example.com,2024-05-21,American Samoa
505,Robert Hurst,taylorchristine@example.net,2024-10-09,Iceland
506,Kathleen Hanson,david86@example.org,2025-01-18,Mauritius
507,Brian Rogers,gaydawn@example.com,2023-03-11,Qatar
508,Monica Byrd,lyonscarrie@example.com,2024-07-29,Luxembourg
509,Lauren Smith,hbruce@example.net,2023-12-30,Niger
510,Alicia Hill,aimee81@example.com,2025-10-08,United Arab Emirates
511,Kelsey Valdez,phillipsallison@example.com,2023-12-17,Guernsey
512,Brandon White,sfrank@example.net,2022-11-15,Taiwan
513,Kerri Cameron,hannahvalencia@example.net,2023-01-17,Cape Verde
514,Mark Gonzales,olsenkelli@example.com,2025-03-15,Pitcairn Islands
515,Christopher Spears,xbennett@example.net,2023-05-23,Bahrain
516,Aaron Thomas,edwardsnathan@example.net,2023-08-18,Norway
517,Hayden Davis,thompsonglenn@example.com,2024-04-14,Samoa
518,Keith Anderson,jason70@example.org,2022-12-24,South Africa
519,Miranda Ryan DDS,anthonysmith@example.com,2024-02-09,Croatia
520,Sarah Robinson,hectoranderson@example.com,2022-11-17,United States Minor Outlying Islands
521,Eric Simpson,ssmall@example.org,2025-05-03,Rwanda
522,Jennifer Jenkins,carterjermaine@example.org,2023-04-13,Dominican Republic
523,Brittany Sullivan,cynthia78@example.com,2025-01-03,Russian Federation
524,Pamela Johnson,dawnlopez@example.net,2025-08-04,Philippines
525,Sarah Peterson,jbates@example.org,2024-06-12,Lao People's Democratic Republic
526,Jorge Barnes,howellanna@example.org,2025-03-05,Serbia
527,Karen Fritz,russell05@example.net,2025-09-23,United States Virgin Islands
528,Daniel Bowman,scott91@example.net,2023-10-01,Lesotho
529,Patricia Watson,ataylor@example.com,2023-09-14,Bahrain
530,Theresa Murphy MD,sandramiller@example.net,2024-01-17,Estonia
531,Lori Baker,fostermichael@example.net,2024-03-28,Jordan
532,David Chavez,yfoster@example.net,2024-11-18,Saint Helena
533,Daniel Williams,robert02@example.org,2022-12-27,Nigeria
534,Rachel Weaver,adrian82@example.org,2025-08-21,Togo
535,Steven Ferrell,harriseric@example.com,2023-04-06,Cook Islands
536,Mark Reyes,hmaldonado@example.net,2024-08-23,Mexico
537,Jeffrey Martin,blakewilliams@example.org,2023-01-20,Falkland Islands (Malvinas)
538,Richard Berger,veronicaburnett@example.org,2024-06-15,Suriname
539,Robert Nelson,darryljohnson@example.com,2024-06-26,Cambodia
540,Jennifer Spears,joel54@example.com,2024-06-02,Guinea
541,Kara Todd,garyking@example.org,2025-07-28,Djibouti
542,William Hoffman,webbsharon@example.net,2023-06-18,Fiji
543,Theresa Singh,curtischristopher@example.com,2023-12-20,Gabon
544,Karen Johnson,tracy95@example.com,2024-04-10,Peru
545,Charles Koch,margaret55@example.net,2023-10-17,Bahamas
546,Sophia Frey,davisjames@example.net,2025-01-09,Bouvet Island (Bouvetoya)
547,Aaron Villarreal,cathyandrade@example.org,2024-06-24,Saint Martin
548,Albert Brown,dennis32@example.org,2024-02-28,Cook Islands
549,Kim Gonzalez,linda23@example.org,2023-05-10,Mexico
550,Timothy Cooley,sarahstrickland@example.org,2025-09-17,Fiji
551,Susan Mcbride,toni04@example.org,2025-06-06,Timor-Leste
552,Joshua Dougherty,vferguson@example.com,2024-05-07,Bhutan
553,David James,davidschmidt@example.org,2023-11-03,Sao Tome and Principe
554,Tony Aguirre,kpadilla@example.net,2025-08-12,Greece
555,Emily Matthews,andrew28@example.com,2024-08-22,South Africa
556,Michael Davis,scottchristopher@example.net,2023-04-27,Bosnia and Herzegovina
557,Christopher Ashley,tiffanyroberson@example.net,2025-10-15,Afghanistan
558,Ryan Donovan,alfred37@example.com,2022-12-17,Japan
559,Hannah Turner,meganhenderson@example.org,2025-08-24,Grenada
560,Carla Smith,clarkmandy@example.com,2024-03-31,Faroe Islands
561,Yvette Garcia,brightkenneth@example.net,2023-08-18,Georgia
562,Colleen Munoz,joshuaevans@example.net,2025-09-08,Belize
563,Kelly Warner,lcollins@example.com,2022-11-10,Bahamas
564,Dakota Hunt,allisonwiley@example.net,2025-09-13,Romania
565,Victoria Martinez,barbara65@example.com,2024-07-27,Trinidad and Tobago
566,Shelby Gonzalez,pricestephen@example.net,2024-10-28,Serbia
567,Jacqueline Webb,stephenturner@example.com,2023-09-16,Paraguay
568,Jacqueline Davis,skinnerjohn@example.com,2024-04-16,Iran
569,Chris Knapp,sandra69@example.com,2025-03-23,Benin
570,Christopher Wilkinson,larsonjoshua@example.com,2023-12-05,Swaziland
571,Mrs. Diana Lopez,cwalker@example.com,2024-03-21,Central African Republic
572,James Gomez,richardsjennifer@example.net,2022-12-31,Botswana
573,Terry Barnes,matthewtucker@example.net,2023-04-15,Martinique
574,Charles Gamble,jonesjennifer@example.org,2024-01-06,Netherlands
575,Crystal Miranda,melissa95@example.org,2025-10-17,Kyrgyz Republic
576,Ashley Hill,ryan47@example.net,2023-12-27,Pitcairn Islands
577,Ashley Boyle,anelson@example.com,2025-07-27,Cook Islands
578,Anna Harris,renee49@example.net,2024-12-14,Slovenia
579,Lee Williams,pamelablanchard@example.com,2023-08-17,Afghanistan
580,Sara Howard,fergusonamy@example.org,2025-09-06,United Arab Emirates
581,Amber Smith,marissachambers@example.org,2023-11-18,Taiwan
582,James Herrera,kreeves@example.org,2025-09-28,Taiwan
583,Steven Adams,tanya87@example.net,2025-01-01,Lebanon
584,Jessica Fuentes,margaret32@example.org,2023-07-31,China
585,Tyler Guerrero,lisa56@example.net,2024-06-10,South Georgia and the South Sandwich Islands
586,Gina Johnson,montoyaandrea@example.com,2024-03-20,Ukraine
587,Jeremy Garner,wilsonkristin@example.org,2024-05-05,Germany
588,Randy Tapia,daniellejackson@example.org,2024-10-06,North Macedonia
589,Kristen Porter,carl69@example.org,2025-05-05,Tokelau
590,John Osborn,hartdavid@example.org,2025-02-10,New Zealand
591,Heather Hawkins,ztucker@example.com,2025-04-04,Pitcairn Islands
592,Kristina Robinson,marcusjones@example.org,2024-09-10,Bahrain
593,Yvette Day,fpatterson@example.net,2024-01-12,United Arab Emirates
594,Kristen Hall,portiz@example.com,2024-05-06,Tuvalu
595,Brian Mccoy,carlos95@example.net,2024-05-24,Mauritania
596,Brandi Ruiz,morrislinda@example.net,2025-04-06,Brazil
597,Benjamin Roth,masonbrian@example.net,2023-12-07,Liechtenstein
598,Kevin Holland,franciscoburke@example.com,2025-09-09,Bolivia
599,Kenneth Scott,paynesamuel@example.net,2024-05-31,Zimbabwe
600,Madison Beard,danielespinoza@example.net,2023-11-02,Gambia
601,Roberto Freeman,matthewreed@example.org,2024-01-19,Saudi Arabia
602,Kristopher Cobb,johnsonmegan@example.com,2023-03-29,Kyrgyz Republic
603,Russell Glenn,norma91@example.org,2025-10-22,Papua New Guinea
604,Sally Peters,smithmichael@example.org,2023-01-17,Brunei Darussalam
605,Brandon Harvey,traciharris@example.org,2023-04-04,Afghanistan
606,Shannon Harper,morenorita@example.org,2023-12-13,Greenland
607,Jennifer Fields,daughertyroberto@example.org,2024-07-16,Bermuda
608,Thomas Colon,jessica90@example.com,2023-09-25,Turks and Caicos Islands
609,Dr. Eric Anderson PhD,newmankimberly@example.org,2024-05-27,Croatia
610,Mark Perry,maykara@example.net,2024-06-26,Papua New Guinea
611,Mr. David Graves,meltonpatricia@example.com,2023-12-26,Christmas Island
612,Janet Mason,jamesjames@example.net,2023-02-13,Myanmar
613,Amanda Lopez,kirstenmcbride@example.org,2024-04-05,Mongolia
614,Sean Davies,dalemiller@example.org,2025-04-08,Cuba
615,Morgan Johnson,annwhitney@example.net,2023-01-15,El Salvador
616,Stacy Smith,zsheppard@example.org,2023-10-13,Mauritius
617,Jennifer Wilson,jonathan83@example.com,2024-12-04,Anguilla
618,Crystal West,jonathanrichardson@example.net,2023-11-01,Peru
619,Dale White DDS,swalters@example.com,2024-06-14,Greece
620,Laurie Wells,denise53@example.com,2024-08-11,Argentina
621,Edward Banks,chart@example.org,2023-08-19,Honduras
622,William Cameron MD,mandy97@example.net,2024-10-13,Gambia
623,Gina Mason,raymond57@example.com,2023-11-17,British Virgin Islands
624,Jennifer Young,melanie90@example.com,2024-04-19,Korea
625,Henry Holloway,vsnyder@example.com,2024-11-13,Central African Republic
626,Daniel Thompson,gkelley@example.org,2023-04-22,San Marino
627,Fred White,davisjennifer@example.org,2023-09-11,Antarctica (the territory South of 60 deg S)
628,Edward Cook,xjohnson@example.com,2025-01-19,French Southern Territories
629,Denise Johnson,josephboyd@example.net,2024-08-25,Lithuania
630,Karen Leonard,katrinaedwards@example.net,2024-07-22,Sri Lanka
631,Stephanie Moyer,douglas93@example.org,2023-01-30,Myanmar
632,Seth Clark,schaeferrobert@example.net,2025-07-27,Chad
633,Carrie Gallagher,michaelcook@example.org,2023-11-13,Germany
634,Taylor Gordon,kjohnson@example.com,2023-05-06,British Virgin Islands
635,Christina Williams,william87@example.net,2023-02-01,Holy See (Vatican City State)
636,Sandra Spencer,suzanne58@example.com,2025-07-13,Guinea
637,Ricky Lambert,hoganzoe@example.net,2022-11-20,Hungary
638,Sara Watson,saracoleman@example.org,2025-05-20,Guinea
639,Elizabeth Doyle,lestersherri@example.org,2023-05-16,Dominica
640,Joan Mays,david60@example.com,2023-08-15,Jamaica
641,Christopher Williams,david23@example.org,2025-09-20,Slovenia
642,Jordan Powers,timothygomez@example.com,2023-03-21,Korea
643,Mrs. Donna Hodges,cody35@example.com,2023-09-06,Mayotte
644,Allison Murray,ugomez@example.com,2024-09-12,Uruguay
645,Harry Kramer,dcastillo@example.org,2024-08-11,San Marino
646,Heather Hill,kelseyeaton@example.net,2023-03-02,Afghanistan
647,Cheryl Mitchell,lauren72@example.com,2025-09-24,Panama
648,Benjamin Woods,haileyhamilton@example.net,2025-01-11,Tunisia
649,Dean Lara,teresa07@example.com,2024-12-29,Tonga
650,Joseph Merritt,jeffreysantos@example.org,2025-05-31,Bosnia and Herzegovina
651,Frank Smith,gabrielobrien@example.com,2024-05-18,Saint Pierre and Miquelon
652,Holly Payne,ryanjohnson@example.org,2024-12-14,Vanuatu
653,Sylvia Jones,ryan51@example.com,2023-12-12,Algeria
654,Benjamin Greene,adamsrebecca@example.com,2024-06-07,Faroe Islands
655,Benjamin Santos,adouglas@example.com,2023-04-08,Armenia
656,Abigail Moore,sharoncarroll@example.org,2024-12-29,Hong Kong
657,Tamara Bowers,matthew44@example.net,2024-12-08,Jersey
658,Theresa Hernandez,randall87@example.net,2023-03-13,Poland
659,Travis Fisher,daniel09@example.com,2023-04-23,Mauritania
660,Suzanne Griffith,colton12@example.org,2023-12-01,Saint Helena
661,Steven Wagner,guerracaleb@example.org,2023-06-08,Kiribati
662,Renee Ramos,xhutchinson@example.com,2025-04-12,Holy See (Vatican City State)
663,Mrs. Rebecca Miller,jenna84@example.org,2025-06-16,El Salvador
664,Mr. Kenneth Moore,dustin10@example.com,2023-07-25,Northern Mariana Islands
665,Benjamin Green,karenkramer@example.net,2024-05-13,Moldova
666,Patricia Bishop,michael43@example.org,2025-06-22,United States Virgin Islands
667,Isabella Butler,kyle58@example.net,2025-05-04,Ghana
668,Jose Gardner,denise21@example.org,2023-08-02,Venezuela
669,John Copeland,sarah84@example.net,2024-07-27,Kenya
670,Kelly Mitchell MD,millerlinda@example.org,2024-07-12,Guernsey
671,Gregory Gonzales,richardrodriguez@example.net,2023-06-30,Mauritius
672,Maria Zamora,iboone@example.com,2023-04-22,Saint Kitts and Nevis
673,Renee Matthews,johnsonmichael@example.net,2023-12-29,Venezuela
674,Karen Hopkins,fwells@example.com,2023-11-07,Christmas Island
675,Carrie Clark,patriciafritz@example.org,2024-02-27,French Southern Territories
676,Gregory Zimmerman,brendahardy@example.org,2024-03-14,Central African Republic
677,Kayla Bradshaw,hvillarreal@example.org,2023-10-10,Nauru
678,Mr. Juan Rollins,watkinskimberly@example.org,2025-07-29,Albania
679,Timothy Weaver,msaunders@example.net,2023-02-13,Greece
680,Christine Smith,anita57@example.org,2025-01-16,Myanmar
681,Michael Perez,amanda26@example.org,2023-05-02,Syrian Arab Republic
682,Krystal Stewart,beckerdavid@example.net,2023-06-01,Sierra Leone
683,Paul Nelson,michaelwilson@example.net,2025-01-17,United States Virgin Islands
684,Kenneth Johnson,upatel@example.com,2024-05-20,Nicaragua
685,Mr. Aaron Long,gjones@example.org,2025-10-03,British Indian Ocean Territory (Chagos Archipelago)
686,David Salinas,lcampbell@example.org,2023-12-07,Korea
687,Briana Moore,ellisontammy@example.org,2023-03-17,Turkey
688,Debbie Fritz,linda71@example.net,2025-06-11,Canada
689,Melinda Johnson,heathercantu@example.org,2025-05-07,French Polynesia
690,Gail Fuller,blackkathleen@example.com,2023-10-10,Venezuela
691,Trevor Garcia,qjones@example.org,2024-06-06,Swaziland
692,Tara Mcdonald,sgates@example.net,2025-10-19,Benin
693,Joel Morales,aaronmoore@example.net,2023-02-01,Congo
694,Mark Ingram,jrowland@example.org,2024-06-09,Estonia
695,Philip Jones,williammiller@example.net,2024-02-29,Greenland
696,Mark Willis,dnguyen@example.net,2024-02-16,Angola
697,Jeremy Mitchell,matthewwright@example.com,2024-05-21,Peru
698,Patricia Holder,lmay@example.net,2023-07-07,Botswana
699,Laura Griffin,douglasalexander@example.com,2024-04-20,Sao Tome and Principe
700,Tonya George,finleylori@example.org,2025-09-18,Kazakhstan
701,William Holder,judyobrien@example.org,2023-01-12,Guyana
702,Patrick Summers,jgriffin@example.net,2023-12-02,Liechtenstein
703,Jay Jones,jonesbarbara@example.net,2024-08-17,Turkmenistan
704,Gordon Johnson,veronicabaldwin@example.org,2025-07-01,Denmark
705,Michael Dalton,aavery@example.net,2024-10-16,Solomon Islands
706,John Johnston,billyhancock@example.net,2023-07-18,Lebanon
707,Michael Robinson,toddsamuel@example.org,2022-10-31,Guinea-Bissau
708,William Davis,xlee@example.net,2024-07-11,Portugal
709,Marie Smith,williamszachary@example.org,2023-06-01,Kyrgyz Republic
710,Adam Johnson,westkevin@example.org,2023-12-14,Libyan Arab Jamahiriya
711,Mr. Jacob Johnson,mariaclark@example.org,2024-01-12,Costa Rica
712,Andrew Peterson,hallkaren@example.com,2025-09-14,Ukraine
713,Jacob Young,kentrichard@example.net,2023-12-30,Saint Helena
714,Corey Montgomery DVM,dfischer@example.org,2023-05-31,South Africa
715,Tracy Gonzalez,ngarza@example.org,2023-11-19,Heard Island and McDonald Islands
716,William Grimes,daniel33@example.com,2025-01-16,Cocos (Keeling) Islands
717,Julie Fox,judy28@example.net,2024-03-21,United Arab Emirates
718,Catherine Gonzales,omckee@example.org,2025-01-03,Rwanda
719,Matthew Little,jeanette41@example.org,2022-11-01,Taiwan
720,Mrs. Tamara Guerra,vmerritt@example.org,2024-12-15,Gibraltar
721,Sarah Gibson,christina10@example.org,2024-08-08,Ghana
722,Karen Waters,roger15@example.org,2023-02-19,Netherlands Antilles
723,Joann Peterson,william04@example.net,2024-08-10,United States of America
724,Kyle Baxter,donald75@example.net,2024-01-14,Venezuela
725,Dr. Dustin Kennedy,zabbott@example.com,2023-02-02,San Marino
726,Nicholas Wilson,bradley36@example.org,2023-09-09,Norway
727,Michael Garcia,olang@example.net,2025-10-03,Tanzania
728,Sheryl Holloway,thomasjennifer@example.org,2025-06-30,Azerbaijan
729,Sandra Stanley,wmacdonald@example.net,2024-10-10,Saint Pierre and Miquelon
730,John Simmons,gary97@example.com,2024-08-25,Austria
731,Drew Thompson IV,kyletaylor@example.net,2025-04-28,India
732,Michelle Walker,jenniferlynn@example.com,2024-11-10,Peru
733,Nancy Bradshaw,peggy86@example.com,2023-09-03,Serbia
734,John Martin,thomaselizabeth@example.net,2023-07-07,Iceland
735,Rebecca Anderson,williamsanthony@example.org,2024-02-03,Niue
736,James Brown,eparks@example.com,2023-01-01,Cocos (Keeling) Islands
737,Linda Kennedy,kimberly04@example.com,2024-07-21,Netherlands
738,Jennifer Fisher,nicole33@example.net,2024-09-08,Jersey
739,Emily Miller,grahamharry@example.net,2025-09-19,Pakistan
740,Tina Chavez,stewartvincent@example.org,2023-06-26,Mongolia
741,Monica Jones,larsenjonathan@example.net,2023-02-27,Bhutan
742,April Walsh,qbrock@example.com,2024-05-30,Guinea-Bissau
743,Michael Arellano,pperez@example.com,2025-03-19,Liberia
744,Ashley Lozano,thomasthompson@example.net,2024-01-09,France
745,Matthew Andrews,davidmiller@example.org,2024-07-14,Montenegro
746,Jennifer Vazquez,jcarpenter@example.com,2023-05-06,Italy
747,Jessica Copeland,hdiaz@example.org,2024-07-11,Venezuela
748,Johnny Cameron,meganbridges@example.org,2024-08-26,Faroe Islands
749,Angela Cox,gmeyer@example.net,2024-04-25,Syrian Arab Republic
750,Alejandro Crawford,jonesmichael@example.com,2024-01-14,Chile
751,Jose Carey,hkelly@example.com,2024-04-13,Micronesia
752,Kimberly Powers MD,boonejames@example.org,2025-05-14,Barbados
753,David Campbell,tonyagibson@example.com,2023-03-13,Taiwan
754,Heather Merritt,andrew38@example.net,2023-08-29,Wallis and Futuna
755,Jessica Bauer,whitneyorr@example.org,2024-08-19,Iceland
756,Elizabeth Ramirez,tsmith@example.org,2023-12-04,Guinea-Bissau
757,Christopher Salas,bushcarol@example.net,2024-01-19,Argentina
758,Valerie White,mackenziejones@example.com,2024-02-13,Portugal
759,Cody Bush,josephprice@example.com,2024-03-14,Kuwait
760,Dr. Jill Sparks,contreraseric@example.org,2024-07-05,Saint Barthelemy
761,Samantha Flynn,sarah68@example.com,2023-12-30,Lithuania
762,Nicole Shaw,clinevictoria@example.net,2024-12-20,Turkey
763,Jean Reyes,tanderson@example.net,2024-10-10,Oman
764,Kathryn Gill,wiseanthony@example.com,2024-12-10,Lebanon
765,Lisa Green,lambjustin@example.net,2023-08-14,Svalbard & Jan Mayen Islands
766,Morgan Alvarado,fergusondominic@example.net,2024-05-11,Iran
767,Todd Harris,davidaustin@example.net,2024-12-29,Slovakia (Slovak Republic)
768,Karen Barry,lisarodriguez@example.org,2024-03-27,Gibraltar
769,David Mayo,zrichmond@example.org,2023-04-24,Bosnia and Herzegovina
770,Jennifer Carter,serranochristopher@example.net,2022-11-29,Saint Barthelemy
771,Alicia Wright PhD,aanderson@example.com,2023-09-12,Botswana
772,Pamela Martin,bhodge@example.com,2023-01-01,Zambia
773,Dr. Amanda Russo,nvaughn@example.org,2022-12-29,Tonga
774,Ryan Alexander,sandra78@example.com,2023-01-03,Philippines
775,Nancy Dennis,ujones@example.org,2023-06-08,Azerbaijan
776,Elizabeth Bishop,sandovalscott@example.org,2024-10-06,Honduras
777,Toni Lopez,brittney75@example.com,2023-08-24,Falkland Islands (Malvinas)
778,Latasha Valenzuela,eclarke@example.com,2023-02-07,Martinique
779,Jonathan Nichols,nicole58@example.org,2025-08-08,Netherlands
780,Lori Beck,kristacurtis@example.org,2023-03-22,American Samoa
781,Maria Bentley,jenny58@example.org,2025-09-09,Guinea
782,Jordan Wright,katherine58@example.com,2024-01-07,Cambodia
783,Diamond Luna,julie63@example.org,2024-10-30,Aruba
784,Bryan Moore,traci37@example.com,2024-09-19,Greece
785,Teresa Rodriguez,mwagner@example.org,2022-11-19,Guyana
786,Anthony Hernandez,david71@example.com,2025-07-02,Latvia
787,Jennifer Lucas,lisa22@example.org,2024-07-21,Norfolk Island
788,Tina Cortez,timothy63@example.com,2025-07-21,Brazil
789,Yolanda Garcia,leslie57@example.net,2023-07-16,Fiji
790,Steven Hill,yhutchinson@example.org,2024-07-21,Mexico
791,Jessica Hines,hmitchell@example.net,2025-02-06,Uruguay
792,Miranda Calderon,dennis75@example.com,2025-03-30,Indonesia
793,Karen Gonzalez DVM,rsmith@example.org,2024-04-26,Guam
794,Jason Leon,lnelson@example.com,2024-02-26,Australia
795,Robert Hancock,samuelsmith@example.com,2025-09-10,Samoa
796,Courtney Macias,dmoore@example.org,2024-06-03,Saint Kitts and Nevis
797,Cynthia Anderson,ssnow@example.com,2025-07-23,Wallis and Futuna
798,Alexandria Simpson,christopherfrancis@example.net,2024-12-10,Ecuador
799,Lisa Anderson,blackburnharry@example.com,2024-01-14,Serbia
800,Brent Becker,doylebonnie@example.org,2025-09-05,Portugal
801,Andrew Brown,llewis@example.com,2024-11-15,Lithuania
802,Rodney Rios,mguerrero@example.com,2025-05-04,Netherlands Antilles
803,Linda Harris,james37@example.net,2022-12-08,Yemen
804,Steven Mitchell,lyonsjames@example.com,2025-07-07,Myanmar
805,Jacob Williams,derrick45@example.org,2023-04-23,Iraq
806,Brandi Chen,phillip02@example.org,2022-11-09,Niger
807,Christopher Simmons,freemanpatricia@example.org,2024-07-21,Saint Martin
808,Paul Austin,evansdaniel@example.org,2024-09-13,Zimbabwe
809,Joseph Fitzgerald,destinyperez@example.net,2024-11-11,Burundi
810,Amanda Douglas,stephanie53@example.net,2023-09-01,Palau
811,Robert Jones,adamsadam@example.com,2023-12-31,Eritrea
812,Austin Smith,sherryreynolds@example.org,2024-07-08,Burkina Faso
813,Darlene Mccarthy,cynthia34@example.org,2023-11-20,Tanzania
814,Gwendolyn Hines,mendezmadison@example.com,2022-11-04,El Salvador
815,Amber Miranda MD,kelly61@example.net,2023-12-31,Eritrea
816,Brooke Palmer,cardenaslindsey@example.com,2023-12-09,United States Virgin Islands
817,Austin Jones,mario79@example.net,2023-01-27,Mauritius
818,Melanie Williams,gkerr@example.org,2023-04-05,Vietnam
819,Nicole Sandoval,jeffreyjohnson@example.com,2023-01-30,Panama
820,Marie Brady,baileylori@example.com,2025-04-27,Tunisia
821,Kimberly Beasley,nancy30@example.org,2024-01-18,Greenland
822,Melissa Cohen,lisa28@example.org,2023-11-12,Oman
823,Olivia Green,john34@example.net,2023-12-02,Uruguay
824,Grant Johnson,vaughncharles@example.org,2024-05-20,San Marino
825,Laura Wolfe,michaelrichards@example.com,2022-11-20,Zimbabwe
826,Richard Lane,annduncan@example.org,2024-11-02,Western Sahara
827,Jennifer Williamson,umaxwell@example.org,2023-02-15,Bahamas
828,James Baker,sally50@example.net,2025-01-08,French Guiana
829,Brandy Morris,courtneyjohnson@example.net,2024-08-17,Dominican Republic
830,Melissa Bailey,candaceavery@example.org,2025-08-13,Serbia
831,Hunter Miller,andrewramos@example.com,2025-01-16,Nicaragua
832,Tyler Smith,xvillanueva@example.com,2023-10-06,Jamaica
833,Jessica Jones,suarezmax@example.com,2025-04-07,United States Virgin Islands
834,Nicholas Cowan,deborah81@example.com,2024-12-28,Saudi Arabia
835,Krista Mcgrath,aaronanderson@example.org,2024-02-27,Benin
836,Robin Ryan,gcampos@example.net,2023-07-27,Togo
837,Gwendolyn Brown,rebecca97@example.org,2023-06-22,Ukraine
838,Paul Rice,reneedudley@example.com,2024-12-25,Saint Martin
839,Barbara Taylor,mckenzieeric@example.org,2024-02-15,North Macedonia
840,Michele Russell,jamesbranch@example.net,2023-05-02,Azerbaijan
841,Steven Schneider,spencerayala@example.com,2023-06-20,Botswana
842,Kelly Reese,manuel19@example.net,2025-02-15,Brunei Darussalam
843,Brett Kim,piercejonathan@example.net,2025-03-15,China
844,Martin Farmer,alan19@example.net,2023-11-24,Botswana
845,Amy Hendrix,brian80@example.net,2024-12-28,Estonia
846,Travis Garcia,jamespeterson@example.net,2025-01-15,Thailand
847,Stephanie Zimmerman,kingbenjamin@example.net,2024-09-30,Mozambique
848,Aaron Wheeler,kayla29@example.com,2025-05-08,Cuba
849,Priscilla Villarreal DDS,alexander45@example.org,2023-03-14,Ireland
850,John Tran,xellison@example.org,2023-02-12,Faroe Islands
851,Jennifer Todd,cherylandrews@example.org,2023-10-17,Tanzania
852,Renee Myers,hjohnson@example.com,2024-12-30,Philippines
853,Teresa Miller,hebertmelinda@example.net,2022-12-18,Estonia
854,Brian Hoffman,matthewsmith@example.org,2025-04-23,Nepal
855,Amanda Daniel,huberjames@example.com,2022-11-20,Mauritania
856,Samantha Michael,angelajackson@example.com,2025-05-18,Paraguay
857,Kimberly Anderson,maria68@example.com,2025-05-11,Cocos (Keeling) Islands
858,Ivan Hodges,woodwardjeffrey@example.org,2024-02-17,Djibouti
859,John Lewis,williamstevenson@example.org,2025-10-16,Germany
860,Brian King,perezadam@example.org,2024-01-04,Korea
861,Brandon Medina,bradwolf@example.net,2025-06-22,Bhutan
862,Amy Nichols,moralessamantha@example.com,2024-05-19,Greece
863,Breanna Zimmerman,williammitchell@example.com,2024-11-06,Taiwan
864,Jennifer Diaz,erica45@example.net,2023-07-30,Palestinian Territory
865,Crystal Maxwell,adamscourtney@example.net,2023-06-09,Malaysia
866,Kathleen Miller,transheri@example.org,2024-03-21,Cote d'Ivoire
867,Brent Tucker,janeevans@example.net,2022-11-18,United Kingdom
868,Joseph Gibson,phyllis50@example.net,2024-08-04,Haiti
869,Raven Peck,robertsonmatthew@example.org,2022-12-20,Guam
870,Chelsea Nguyen,martinamanda@example.org,2025-05-23,Saint Pierre and Miquelon
871,Carla Hendricks,andreaandrews@example.net,2024-01-06,Solomon Islands
872,Katie Anderson,calebfrey@example.net,2023-08-01,Fiji
873,Joseph Carroll,nanderson@example.net,2022-11-20,North Macedonia
874,Jordan Moore,shaun49@example.net,2024-12-12,Ethiopia
875,Michele Cantu,nedwards@example.net,2023-10-11,India
876,Reginald Young,franklinmccormick@example.org,2022-11-28,Congo
877,Arthur Bell,tiffany51@example.net,2023-12-26,Armenia
878,Tina Doyle,robertmorrison@example.org,2024-02-05,Bahrain
879,Ryan Jones DDS,pcoleman@example.com,2024-05-30,Syrian Arab Republic
880,Samantha Sanchez,qcrane@example.com,2023-12-02,Jersey
881,Steven Mendez,tammybyrd@example.com,2023-08-06,Malawi
882,Megan Andrade,pauldalton@example.net,2023-03-23,Sierra Leone
883,Heather Schneider,kelli14@example.com,2023-11-08,Holy See (Vatican City State)
884,John Schwartz,george58@example.org,2025-01-16,Kiribati
885,Christine Velasquez,cpaul@example.com,2024-04-28,Samoa
886,Cheryl Anderson MD,kleinmichael@example.org,2025-05-18,Macao
887,James Newton,tina33@example.org,2025-09-23,Peru
888,Teresa Wood,jacob49@example.org,2023-08-11,Saint Helena
889,Samantha Waters,cooleychristopher@example.net,2023-12-03,Czech Republic
890,Jesse Adams,debra91@example.org,2022-12-19,Solomon Islands
891,Michael Lee,ecrosby@example.com,2024-11-16,Pakistan
892,Margaret Gillespie,egibson@example.com,2024-11-04,Tonga
893,Lisa Morse,whitejack@example.org,2024-02-02,Palestinian Territory
894,Andrea Moore,benjamin62@example.org,2025-03-19,Gabon
895,Patricia Lutz,suzanne72@example.com,2023-12-04,Liechtenstein
896,Blake Johnson,zadkins@example.com,2023-09-21,Heard Island and McDonald Islands
897,Ryan Bowen,ysheppard@example.net,2025-03-01,Djibouti
898,James Cole,matthew41@example.org,2024-05-11,Costa Rica
899,Jessica Lopez,qrogers@example.org,2024-09-16,Solomon Islands
900,Mandy Thomas,brian25@example.com,2024-11-18,Bolivia
901,Jennifer Bush,vhenderson@example.org,2025-09-08,Faroe Islands
902,Rebecca Thomas,mary13@example.com,2025-08-10,Angola
903,Jeff Hicks,valdezrichard@example.org,2023-10-16,Turkmenistan
904,Heidi Moore,emilymcmahon@example.com,2023-04-02,Heard Island and McDonald Islands
905,Jonathan Frazier,vsmith@example.com,2025-02-06,Croatia
906,Joseph Arnold,adamcruz@example.org,2025-02-06,Monaco
907,Ariel Garcia,jonathangarner@example.net,2024-01-12,Bermuda
908,Louis White,hailey70@example.net,2023-10-21,Argentina
909,Chelsea Campbell,umarshall@example.com,2024-08-06,Northern Mariana Islands
910,Amanda Kelly,rallen@example.net,2023-08-03,Burundi
911,Craig Holt,deborahdavis@example.org,2025-04-30,Montenegro
912,Michael Wilson,christopher01@example.com,2023-01-17,Costa Rica
913,Casey Larsen,davidwright@example.org,2023-04-20,Turks and Caicos Islands
914,Emily Macias,devin65@example.com,2023-03-22,Martinique
915,Jennifer Hall PhD,woodjustin@example.com,2024-11-09,Israel
916,Elizabeth Ramos,jschneider@example.net,2025-07-31,Sri Lanka
917,Brian Calderon,graymolly@example.com,2025-01-07,Sudan
918,Joshua Dean,walkersamantha@example.net,2024-09-18,American Samoa
919,Patricia Townsend,natalie28@example.com,2023-02-06,Bhutan
920,Joshua Lara,reynoldscollin@example.org,2024-02-12,Gambia
921,Mark Boyd,mosesjeffrey@example.org,2024-03-02,Grenada
922,Beth Sherman,farmerluis@example.org,2024-06-14,Norfolk Island
923,Rebecca Bray,vlambert@example.com,2024-03-17,Nigeria
924,Linda Lozano,joseph59@example.com,2025-09-01,Comoros
925,Sean Reid,hannah97@example.org,2023-02-17,Equatorial Guinea
926,William Terry,reyescody@example.com,2023-07-11,Seychelles
927,Alan Vazquez,martinjustin@example.org,2024-12-31,Cuba
928,Robert Conley,donaldgomez@example.net,2024-06-13,Costa Rica
929,Stephanie Buck,lisawalsh@example.org,2024-07-04,Suriname
930,Carlos Mcmahon,mdavis@example.org,2024-06-27,Christmas Island
931,Teresa Solis,nday@example.org,2025-04-30,Zimbabwe
932,Megan Kelly,elizabeth05@example.org,2025-02-24,Iraq
933,Brandon Woods,thomaswilliam@example.net,2024-08-24,Burundi
934,Cory Cain,smithrobert@example.com,2023-10-09,Mali
935,Melissa Olsen,lauragarcia@example.org,2023-12-09,Guernsey
936,John Martinez,kennethcooke@example.com,2024-07-25,Sudan
937,Willie Fry,elizabeth66@example.com,2023-10-07,Greece
938,Abigail Gray,millersusan@example.org,2025-01-12,Tuvalu
939,Christopher Humphrey,kellymary@example.org,2024-01-15,Cameroon
940,Steven Steele Jr.,lisa96@example.org,2022-12-25,Guinea-Bissau
941,Robert Simmons,aperez@example.com,2025-03-18,Lao People's Democratic Republic
942,Deborah Gibbs,jonesmartin@example.com,2024-03-07,New Caledonia
943,Heather Taylor,hbarr@example.com,2023-06-27,Cote d'Ivoire
944,Timothy Greer,geraldrios@example.net,2025-08-25,Cameroon
945,Nicholas Hernandez,danny90@example.org,2023-10-13,United States Virgin Islands
946,Sherri Cole,qgriffin@example.com,2024-05-29,Suriname
947,Mr. Matthew Thomas,susanlane@example.org,2023-03-27,Tuvalu
948,Shane Best,boydtheresa@example.com,2025-03-07,Greece
949,Joseph Lopez,sarah98@example.net,2024-08-21,Morocco
950,Justin Marshall,cookjeremy@example.com,2023-07-30,Western Sahara
951,Brett Harris,andersonashley@example.com,2025-02-26,Cayman Islands
952,Michael Owens,tnelson@example.org,2024-07-09,Angola
953,Monica Franco,longamber@example.net,2023-10-19,Spain
954,David Barrera,alexanderford@example.org,2024-07-14,Taiwan
955,Jacqueline Oconnor,lucasbilly@example.net,2023-07-17,Kiribati
956,Vincent Garcia,taylorcaroline@example.net,2023-09-07,Guinea-Bissau
957,Tiffany Harrell,danielkeith@example.net,2022-11-02,Norway
958,Gary Reyes,taylormark@example.com,2024-04-23,Greenland
959,Jason Goodwin,stevensscott@example.com,2023-08-02,Antigua and Barbuda
960,David Thompson,paigebrown@example.org,2024-08-16,Italy
961,Donald Adams,yvonne48@example.net,2024-11-25,Nicaragua
962,Jacob Hall,paul03@example.org,2023-03-30,Singapore
963,Kimberly Jackson,annawilliams@example.net,2024-10-03,Maldives
964,Stephen Vasquez,andersonmelissa@example.com,2023-05-26,Hong Kong
965,Paul Garrett,nmaldonado@example.org,2025-04-03,Bulgaria
966,Belinda Rodgers MD,fbaker@example.org,2024-04-05,Pakistan
967,Jennifer Ryan,hornesabrina@example.org,2023-02-07,Iceland
968,Shawn Thomas,zalvarez@example.com,2025-08-01,Christmas Island
969,Christopher Lopez,michelle36@example.com,2024-03-06,Montenegro
970,Adam Hampton,hillkristin@example.com,2024-05-28,Saint Barthelemy
971,Timothy Brown,xmoss@example.org,2024-04-20,Israel
972,Amanda Martinez,iwhite@example.net,2025-01-09,Guadeloupe
973,Jeffrey Wood,ahall@example.org,2023-06-15,Armenia
974,Daniel Leon,roachrichard@example.com,2025-07-04,Jersey
975,Lauren Rivera,gherrera@example.net,2025-09-26,Cambodia
976,Sarah Montes,robertsdavid@example.org,2025-08-24,Egypt
977,Krystal Bailey,sarahhopkins@example.org,2023-04-12,Norway
978,Margaret Guerrero,hpayne@example.org,2023-02-05,Saint Kitts and Nevis
979,Katherine Potts,sean68@example.net,2024-10-27,Tanzania
980,April Fernandez,mossmary@example.com,2023-10-22,Zimbabwe
981,Deanna Lee,angela17@example.com,2023-02-16,Swaziland
982,Mary Garcia,cole39@example.org,2025-01-14,Reunion
983,Alexander Allen,garycarr@example.org,2025-04-08,Taiwan
984,Samantha Lewis,ryan23@example.org,2025-03-10,Bosnia and Herzegovina
985,Anthony Lee,phillipmartinez@example.net,2024-11-26,Korea
986,Cathy Allen,william43@example.com,2024-01-12,Reunion
987,Melissa Gibbs,howardallison@example.net,2023-04-12,Puerto Rico
988,Blake Davis,derekcrawford@example.com,2024-01-10,Jamaica
989,Bradley Hernandez,taylorlee@example.org,2023-10-09,Kuwait
990,Shannon Henry,sarah28@example.org,2024-07-29,Cambodia
991,Jacqueline Sanchez,bwhite@example.com,2023-01-27,Solomon Islands
992,Kimberly Grimes,rickyaustin@example.net,2024-08-02,Slovenia
993,Katie Castillo,jenniferholloway@example.com,2024-09-04,Dominica
994,Craig Jacobson,meghan42@example.net,2025-10-04,Morocco
995,Jacob Fitzpatrick,reynoldsjacob@example.org,2023-01-06,Australia
996,Victoria Camacho,hawkinschristine@example.net,2025-10-16,Christmas Island
997,Richard Young,meganblack@example.com,2023-06-05,Burundi
998,Judy Vargas,matthewmoore@example.com,2024-01-22,Iran
999,Shane Rodriguez,mercerjohn@example.org,2022-11-03,Netherlands Antilles
1000,David Bray,sarah23@example.org,2024-11-18,China
